{
  "condition": "minecraft:any_of",
  "terms": [
    {
      "condition": "minecraft:entity_properties",
      "entity": "this",
      "predicate": {
        "type": "minecraft:phantom"
      }
    },
    {
      "condition": "minecraft:entity_properties",
      "entity": "this",
      "predicate": {
        "type": "minecraft:ender_dragon"
      }
    },
    {
      "condition": "minecraft:entity_properties",
      "entity": "this",
      "predicate": {
        "type": "minecraft:drowned",
        "nbt": "{Tags:[\"end_guardian\"]}"
      }
    },
    {
      "condition": "minecraft:entity_properties",
      "entity": "this",
      "predicate": {
        "type": "minecraft:shulker"
      }
    }
  ]
}
