{
  "type": "entity",
  "pools": [
    {
      "rolls": 1,
      "entries": [
        {
          "type": "item",
          "weight": 10,
          "name": "minecraft:white_shulker_box",
          "functions": [
            {
              "function": "set_count",
              "count": {
                "min": 0,
                "max": 1
              }
            }
          ]
        },
        {
          "type": "item",
          "weight": 100,
          "name": "minecraft:end_stone",
          "functions": [
            {
              "function": "set_count",
              "count": {
                "min": 0,
                "max": 2
              }
            }
          ]
        }
      ]
    }
  ]
}
