[
  {
    "function": "minecraft:set_lore",
    "entity": "this",
    "lore": [
      [
        {
          "text": "Durability: ",
          "color": "white",
          "italic": false
        },
        {
          "score": {
            "name": "*",
            "objective": "mcs_dragon_durability_calculation"
          }
        },
        {
          "text": " / "
        },
        {
          "score": {
            "name": "*",
            "objective": "mcs_dragon_max_durability_calculation"
          }
        }
      ]
    ],
    "replace": true
  }
]