{
  "type": "entity",
  "pools": [
    {
      "rolls": {
        "min": 4,
        "max": 8
      },
      "entries": [
        {
          "type": "item",
          "weight": 60,
          "name": "minecraft:golden_apple",
          "functions": [
            {
              "function": "set_count",
              "count": {
                "min": 1,
                "max": 2
              }
            }
          ]
        },
        {
          "type": "item",
          "weight": 100,
          "name": "minecraft:ender_pearl",
          "functions": [
            {
              "function": "set_count",
              "count": {
                "min": 8,
                "max": 16
              }
            }
          ]
        },
        {
          "type": "item",
          "weight": 90,
          "name": "minecraft:phantom_membrane",
          "functions": [
            {
              "function": "set_count",
              "count": {
                "min": 8,
                "max": 16
              }
            }
          ]
        },
        {
          "type": "item",
          "weight": 80,
          "name": "minecraft:obsidian",
          "functions": [
            {
              "function": "set_count",
              "count": {
                "min": 8,
                "max": 16
              }
            }
          ]
        },
        {
          "type": "item",
          "weight": 70,
          "name": "minecraft:chorus_fruit",
          "functions": [
            {
              "function": "set_count",
              "count": {
                "min": 32,
                "max": 64
              }
            }
          ]
        },
        {
          "type": "item",
          "weight": 50,
          "name": "minecraft:ender_chest",
          "functions": [
            {
              "function": "set_count",
              "count": 1
            }
          ]
        },
        {
          "type": "item",
          "weight": 50,
          "name": "minecraft:shulker_box",
          "functions": [
            {
              "function": "set_count",
              "count": 1
            }
          ]
        },
        {
          "type": "item",
          "weight": 50,
          "name": "minecraft:elytra",
          "functions": [
            {
              "function": "set_count",
              "count": 1
            },
            {
              "function": "set_damage",
              "damage": {
                "min": 0,
                "max": 1
              }
            }
          ]
        },
        {
          "type": "item",
          "weight": 25,
          "name": "minecraft:dragon_egg",
          "functions": [
            {
              "function": "set_count",
              "count": 1
            }
          ]
        },
        {
          "type": "item",
          "weight": 25,
          "name": "minecraft:dragon_head",
          "functions": [
            {
              "function": "set_count",
              "count": 1
            }
          ]
        }
      ]
    }
  ]
}
